Date,Number
2024-12-07 20:26:15,
2024-12-07 20:26:34,356946
2024-12-07 20:26:37,356972
2024-12-07 20:26:39,357017
2024-12-07 20:26:42,357063
2024-12-07 20:26:44,357099
2024-12-07 20:26:47,357140
2024-12-07 20:26:49,357167
2024-12-07 20:26:52,357204
2024-12-07 20:26:54,357244
2024-12-07 20:26:57,357278
2024-12-07 20:27:00,357320
2024-12-07 20:27:02,357368
2024-12-07 20:27:05,357400
2024-12-07 20:27:08,357457
2024-12-07 20:27:11,357512
2024-12-07 20:27:15,357548
2024-12-07 20:27:19,357605
2024-12-07 20:27:22,357670
2024-12-07 20:27:26,357740
2024-12-07 20:27:30,357807
2024-12-07 20:27:33,357868
2024-12-07 20:27:36,357914
2024-12-07 20:27:39,357958
2024-12-07 20:27:42,357990
2024-12-07 20:27:45,358020
2024-12-07 20:27:47,358051
2024-12-07 20:27:50,358076
2024-12-07 20:27:52,358108
2024-12-07 20:27:54,358145
2024-12-07 20:27:57,358180
2024-12-07 20:27:59,358208
2024-12-07 20:28:01,358245
2024-12-07 20:28:04,358284
2024-12-07 20:28:06,358317
2024-12-07 20:28:09,358354
2024-12-07 20:28:12,358385
2024-12-07 20:28:15,358425
2024-12-07 20:28:17,358461
2024-12-07 20:28:20,358492
2024-12-07 20:28:23,358538
2024-12-07 20:28:26,358586
2024-12-07 20:28:28,358633
2024-12-07 20:28:31,358674
2024-12-07 20:28:34,358718
2024-12-07 20:28:37,358761
2024-12-07 20:28:39,358806
2024-12-07 20:28:42,358839
2024-12-07 20:28:45,358873
2024-12-07 20:28:47,358913
2024-12-07 20:28:50,358955
2024-12-07 20:28:52,358993
2024-12-07 20:28:55,359050
2024-12-07 20:28:58,359094
2024-12-07 20:29:00,359138
2024-12-07 20:29:03,359182
2024-12-07 20:29:06,359229
2024-12-07 20:29:09,359275
2024-12-07 20:29:12,359330
2024-12-07 20:29:14,359381
2024-12-07 20:29:17,359427
2024-12-07 20:29:21,359468
2024-12-07 20:29:23,359502
2024-12-07 20:29:26,359533
2024-12-07 20:29:29,359576
2024-12-07 20:29:31,359622
2024-12-07 20:29:34,359645
2024-12-07 20:29:37,359693
2024-12-07 20:29:39,359727
2024-12-07 20:29:42,359772
2024-12-07 20:29:45,359819
2024-12-07 20:29:48,359929
2024-12-07 20:29:55,359976
2024-12-07 20:29:58,360009
2024-12-07 20:30:00,360040
2024-12-07 20:30:02,360076
2024-12-07 20:30:05,360123
2024-12-07 20:30:08,360169
2024-12-07 20:30:10,360206
2024-12-07 20:30:15,360271
2024-12-07 20:30:18,360319
2024-12-07 20:30:21,360359
2024-12-07 20:30:23,360393
2024-12-07 20:30:25,360418
2024-12-07 20:30:27,360452
2024-12-07 20:30:30,360483
2024-12-07 20:30:32,360523
2024-12-07 20:30:34,360564
2024-12-07 20:30:37,360605
2024-12-07 20:30:39,360645
2024-12-07 20:30:42,360688
2024-12-07 20:30:44,360733
2024-12-07 20:30:47,360775
2024-12-07 20:30:50,360815
2024-12-07 20:30:52,360842
2024-12-07 20:30:55,360878
2024-12-07 20:30:57,360925
2024-12-07 20:31:00,360956
2024-12-07 20:31:03,360994
2024-12-07 20:31:05,361037
2024-12-07 20:31:08,361078
2024-12-07 20:31:11,361129
2024-12-07 20:31:14,361176
2024-12-07 20:31:18,361217
2024-12-07 20:31:21,361269
2024-12-07 20:31:24,361332
2024-12-07 20:31:27,361392
2024-12-07 20:31:30,361446
2024-12-07 20:31:33,361486
2024-12-07 20:31:35,361538
2024-12-07 20:31:38,361588
2024-12-07 20:31:42,361625
2024-12-07 20:31:44,361669
2024-12-07 20:31:47,361712
2024-12-07 20:31:49,361749
2024-12-07 20:31:52,361780
2024-12-07 20:31:54,361830
2024-12-07 20:31:57,361862
2024-12-07 20:31:59,361886
2024-12-07 20:32:02,361926
2024-12-07 20:32:04,361957
2024-12-07 20:32:07,361997
2024-12-07 20:32:09,362047
2024-12-07 20:32:12,362086
2024-12-07 20:32:15,362134
2024-12-07 20:32:18,362180
2024-12-07 20:32:21,362216
2024-12-07 20:32:23,362266
2024-12-07 20:32:26,362300
2024-12-07 20:32:28,362356
2024-12-07 20:32:32,362413
2024-12-07 20:32:36,362466
2024-12-07 20:32:38,362508
2024-12-07 20:32:41,362556
2024-12-07 20:32:45,362608
2024-12-07 20:32:48,362665
2024-12-07 20:32:52,362729
2024-12-07 20:32:55,362770
2024-12-07 20:32:58,362833
2024-12-07 20:33:02,362872
2024-12-07 20:33:05,362951
2024-12-07 20:33:10,363011
2024-12-07 20:33:13,363060
2024-12-07 20:33:17,363104
2024-12-07 20:33:20,363168
2024-12-07 20:33:24,363224
2024-12-07 20:33:27,363266
2024-12-07 20:33:30,363308
2024-12-07 20:33:32,363359
2024-12-07 20:33:35,363398
2024-12-07 20:33:38,363441
2024-12-07 20:33:40,363473
2024-12-07 20:33:43,363533
2024-12-07 20:33:46,363570
2024-12-07 20:33:49,363607
2024-12-07 20:33:52,363661
2024-12-07 20:33:55,363712
2024-12-07 20:33:58,363769
2024-12-07 20:34:02,363823
2024-12-07 20:34:04,363860
2024-12-07 20:34:07,363922
2024-12-07 20:34:10,363961
2024-12-07 20:34:14,364008
2024-12-07 20:34:17,364060
2024-12-07 20:34:21,364101
2024-12-07 20:34:24,364153
2024-12-07 20:34:28,364222
2024-12-07 20:34:31,364265
2024-12-07 20:34:35,364331
2024-12-07 20:34:39,364387
2024-12-07 20:34:43,364463
2024-12-07 20:34:47,364520
2024-12-07 20:34:51,364579
2024-12-07 20:34:55,364634
2024-12-07 20:34:58,364684
2024-12-07 20:35:01,364744
2024-12-07 20:35:04,364799
2024-12-07 20:35:08,364865
2024-12-07 20:35:12,364956
2024-12-07 20:35:16,365028
2024-12-07 20:35:21,365091
2024-12-07 20:35:25,365157
2024-12-07 20:35:30,365209
2024-12-07 20:35:33,365280
2024-12-07 20:35:37,365341
2024-12-07 20:35:42,365416
2024-12-07 20:35:46,365480
2024-12-07 20:35:50,365535
2024-12-07 20:35:53,365582
2024-12-07 20:35:57,365648
2024-12-07 20:36:01,365694
2024-12-07 20:36:04,365768
2024-12-07 20:36:09,365826
2024-12-07 20:36:13,365907
2024-12-07 20:36:18,365971
2024-12-07 20:36:22,366037
2024-12-07 20:36:26,366185
2024-12-07 20:36:36,366265
2024-12-07 20:36:42,366328
2024-12-07 20:36:46,366385
2024-12-07 20:36:50,366462
2024-12-07 20:36:55,366539
2024-12-07 20:36:59,366617
2024-12-07 20:37:05,366706
2024-12-07 20:37:11,366783
2024-12-07 20:37:16,366858
2024-12-07 20:37:21,366948
2024-12-07 20:37:27,367102
2024-12-07 20:37:37,367179
2024-12-07 20:37:43,367276
2024-12-07 20:37:49,367363
2024-12-07 20:37:55,367434
2024-12-07 20:38:00,367517
2024-12-07 20:38:06,367598
2024-12-07 20:38:11,367663
2024-12-07 20:38:17,367745
2024-12-07 20:38:23,367833
2024-12-07 20:38:28,367910
2024-12-07 20:38:35,368019
2024-12-07 20:38:41,368111
2024-12-07 20:38:47,368185
2024-12-07 20:38:52,368281
2024-12-07 20:38:57,368362
2024-12-07 20:39:03,368439
2024-12-07 20:39:09,368523
2024-12-07 20:39:15,368615
2024-12-07 20:39:20,368704
2024-12-07 20:39:26,368803
2024-12-07 20:39:31,368867
2024-12-07 20:39:36,368934
2024-12-07 20:39:41,369024
2024-12-07 20:39:46,369075
2024-12-07 20:39:50,369135
2024-12-07 20:39:55,369208
2024-12-07 20:39:59,369292
2024-12-07 20:40:04,369361
2024-12-07 20:40:09,369436
2024-12-07 20:40:13,369520
2024-12-07 20:40:19,369608
2024-12-07 20:40:25,369710
2024-12-07 20:40:30,369769
2024-12-07 20:40:35,369857
2024-12-07 20:40:40,369923
2024-12-07 20:40:45,370005
2024-12-07 20:40:50,370075
2024-12-07 20:40:54,370134
2024-12-07 20:40:58,370196
2024-12-07 20:41:03,370274
2024-12-07 20:41:08,370350
2024-12-07 20:41:12,370420
2024-12-07 20:41:17,370520
2024-12-07 20:41:22,370595
2024-12-07 20:41:28,370674
2024-12-07 20:41:33,370746
2024-12-07 20:41:38,370849
2024-12-07 20:41:44,370936
2024-12-07 20:41:50,371016
2024-12-07 20:41:55,371098
2024-12-07 20:42:00,371197
2024-12-07 20:42:07,371302
2024-12-07 20:42:13,371401
2024-12-07 20:42:20,371498
2024-12-07 20:42:26,371603
2024-12-07 20:42:31,371713
2024-12-07 20:42:39,371825
2024-12-07 20:42:45,371945
2024-12-07 20:42:52,372049
2024-12-07 20:42:59,372142
2024-12-07 20:43:05,372237
2024-12-07 20:43:12,372368
2024-12-07 20:43:21,372487
2024-12-07 20:43:28,372638
2024-12-07 20:43:37,372744
2024-12-07 20:43:44,372851
2024-12-07 20:43:51,372974
2024-12-07 20:43:59,373146
2024-12-07 20:44:10,373327
2024-12-07 20:44:24,373551
2024-12-07 20:44:36,373693
2024-12-07 20:44:44,373828
2024-12-07 20:44:53,374020
2024-12-07 20:45:04,374164
2024-12-07 20:45:14,374362
2024-12-07 20:45:27,374510
2024-12-07 20:45:34,374623
2024-12-07 20:45:42,374822
2024-12-07 20:45:53,374993
2024-12-07 20:46:04,375162
2024-12-07 20:46:14,375322
2024-12-07 20:46:24,375493
2024-12-07 20:46:34,375586
2024-12-07 20:46:40,375678
2024-12-07 20:46:45,375763
2024-12-07 20:46:51,375838
2024-12-07 20:46:56,375965
2024-12-07 20:47:06,376130
2024-12-07 20:47:17,376228
2024-12-07 20:47:23,376337
2024-12-07 20:47:29,376493
2024-12-07 20:47:40,376608
2024-12-07 20:47:47,376710
2024-12-07 20:47:53,376860
2024-12-07 20:48:03,376957
2024-12-07 20:48:09,377123
2024-12-07 20:48:19,377287
2024-12-07 20:48:30,377445
2024-12-07 20:48:41,377612
2024-12-07 20:48:52,377785
2024-12-07 20:49:04,377902
2024-12-07 20:49:13,378086
2024-12-07 20:49:25,378291
2024-12-07 20:49:36,378503
2024-12-07 20:49:48,378770
2024-12-07 20:50:05,378912
2024-12-07 20:50:14,379055
2024-12-07 20:50:23,379228
2024-12-07 20:50:35,379419
2024-12-07 20:50:47,379603
2024-12-07 20:50:59,379758
2024-12-07 20:51:11,379947
2024-12-07 20:51:24,380114
2024-12-07 20:51:34,380301
2024-12-07 20:51:45,380482
2024-12-07 20:51:57,380626
2024-12-07 20:52:06,380806
2024-12-07 20:52:18,380956
2024-12-07 20:52:27,381082
2024-12-07 20:52:36,381230
2024-12-07 20:52:45,381357
2024-12-07 20:52:53,381489
2024-12-07 20:53:02,381651
2024-12-07 20:53:14,381780
2024-12-07 20:53:23,381961
2024-12-07 20:53:34,382135
2024-12-07 20:53:45,382236
2024-12-07 20:53:53,382395
2024-12-07 20:54:04,382497
2024-12-07 20:54:11,382594
2024-12-07 20:54:18,382782
2024-12-07 20:54:30,382904
2024-12-07 20:54:38,383091
2024-12-07 20:54:50,383222
2024-12-07 20:54:59,383409
2024-12-07 20:55:11,383536
2024-12-07 20:55:20,383717
2024-12-07 20:55:31,383832
2024-12-07 20:55:40,384010
2024-12-07 20:55:52,384212
2024-12-07 20:56:04,384347
2024-12-07 20:56:12,384535
2024-12-07 20:56:25,384731
2024-12-07 20:56:37,384895
2024-12-07 20:56:49,385046
2024-12-07 20:56:59,385189
2024-12-07 20:57:08,385328
2024-12-07 20:57:18,385513
2024-12-07 20:57:30,385641
2024-12-07 20:57:39,385773
2024-12-07 20:57:49,385976
2024-12-07 20:58:00,386218
2024-12-07 20:58:16,386382
2024-12-07 20:58:26,386550
2024-12-07 20:58:37,386738
2024-12-07 20:58:49,386901
2024-12-07 20:58:59,387055
2024-12-07 20:59:10,387183
2024-12-07 20:59:19,387343
2024-12-07 20:59:29,387481
2024-12-07 20:59:38,387642
2024-12-07 20:59:49,387762
2024-12-07 20:59:57,387920
2024-12-07 21:00:10,388089
2024-12-07 21:00:21,388242
2024-12-07 21:00:32,388362
2024-12-07 21:00:40,388546
2024-12-07 21:00:51,388716
2024-12-07 21:01:00,388839
2024-12-07 21:01:08,388964
2024-12-07 21:01:16,389097
2024-12-07 21:01:27,389237
2024-12-07 21:01:38,389371
2024-12-07 21:01:47,389515
2024-12-07 21:01:58,389647
2024-12-07 21:02:06,389766
2024-12-07 21:02:15,389924
2024-12-07 21:02:26,390043
2024-12-07 21:02:35,390200
2024-12-07 21:02:46,390315
2024-12-07 21:02:55,390432
2024-12-07 21:03:04,390570
2024-12-07 21:03:12,390718
2024-12-07 21:03:22,390837
2024-12-07 21:03:30,390995
2024-12-07 21:03:40,391135
2024-12-07 21:03:49,391271
2024-12-07 21:03:59,391416
2024-12-07 21:04:09,391562
2024-12-07 21:04:19,391702
2024-12-07 21:04:28,391809
2024-12-07 21:04:39,391962
2024-12-07 21:04:55,392175
2024-12-07 21:05:05,392308
2024-12-07 21:05:15,392435
2024-12-07 21:05:24,392558
2024-12-07 21:05:34,392696
2024-12-07 21:05:43,392813
2024-12-07 21:05:52,392949
2024-12-07 21:06:00,393045
2024-12-07 21:06:08,393158
2024-12-07 21:06:16,393290
2024-12-07 21:06:25,393411
2024-12-07 21:06:32,393513
2024-12-07 21:06:41,393611
2024-12-07 21:06:49,393720
2024-12-07 21:06:56,393825
2024-12-07 21:07:04,393931
2024-12-07 21:07:11,394024
2024-12-07 21:07:19,394124
2024-12-07 21:07:27,394235
2024-12-07 21:07:34,394330
2024-12-07 21:07:42,394436
2024-12-07 21:07:49,394545
2024-12-07 21:07:56,394642
2024-12-07 21:08:03,394744
2024-12-07 21:08:11,394855
2024-12-07 21:08:19,394959
2024-12-07 21:08:28,395089
2024-12-07 21:08:36,395214
2024-12-07 21:08:45,395338
2024-12-07 21:08:53,395473
2024-12-07 21:09:01,395572
2024-12-07 21:09:09,395666
2024-12-07 21:09:16,395788
2024-12-07 21:09:23,395888
2024-12-07 21:09:29,395972
2024-12-07 21:09:36,396052
2024-12-07 21:09:42,396150
2024-12-07 21:09:48,396233
2024-12-07 21:09:53,396310
2024-12-07 21:09:59,396378
2024-12-07 21:10:05,396454
2024-12-07 21:10:11,396537
2024-12-07 21:10:18,396596
2024-12-07 21:10:23,396667
2024-12-07 21:10:28,396731
2024-12-07 21:10:33,396811
2024-12-07 21:10:40,396871
2024-12-07 21:10:45,396956
2024-12-07 21:10:52,397042
2024-12-07 21:10:58,397124
2024-12-07 21:11:04,397205
2024-12-07 21:11:10,397259
2024-12-07 21:11:14,397315
2024-12-07 21:11:18,397371
2024-12-07 21:11:22,397452
2024-12-07 21:11:28,397527
2024-12-07 21:11:34,397578
2024-12-07 21:11:39,397635
2024-12-07 21:11:44,397699
2024-12-07 21:11:48,397740
2024-12-07 21:11:51,397774
2024-12-07 21:11:54,397834
2024-12-07 21:11:59,397866
2024-12-07 21:12:02,397898
2024-12-07 21:12:05,397953
2024-12-07 21:12:10,398011
2024-12-07 21:12:15,398047
2024-12-07 21:12:19,398095
2024-12-07 21:12:23,398147
2024-12-07 21:12:27,398215
2024-12-07 21:12:33,398293
2024-12-07 21:12:38,398360
2024-12-07 21:12:43,398427
2024-12-07 21:12:48,398493
2024-12-07 21:12:53,398562
2024-12-07 21:12:59,398649
2024-12-07 21:13:06,398734
2024-12-07 21:13:12,398811
2024-12-07 21:13:18,398901
2024-12-07 21:13:25,398989
2024-12-07 21:13:31,399075
2024-12-07 21:13:38,399157
2024-12-07 21:13:44,399240
2024-12-07 21:13:51,399323
2024-12-07 21:13:57,399420
2024-12-07 21:14:05,399535
2024-12-07 21:14:14,399639
2024-12-07 21:14:21,399754
2024-12-07 21:14:30,399889
2024-12-07 21:14:39,400013
2024-12-07 21:14:48,400117
2024-12-07 21:14:56,400231
2024-12-07 21:15:06,400347
2024-12-07 21:15:14,400474
2024-12-07 21:15:22,400610
2024-12-07 21:15:31,400750
2024-12-07 21:15:41,400848
2024-12-07 21:15:49,400942
2024-12-07 21:15:56,401059
2024-12-07 21:16:06,401172
2024-12-07 21:16:15,401299
2024-12-07 21:16:25,401410
2024-12-07 21:16:33,401570
2024-12-07 21:16:43,401684
2024-12-07 21:16:51,401823
2024-12-07 21:17:01,401969
2024-12-07 21:17:11,402092
2024-12-07 21:17:22,402225
2024-12-07 21:17:31,402388
2024-12-07 21:17:42,402517
2024-12-07 21:17:51,402636
2024-12-07 21:18:00,402750
2024-12-07 21:18:09,402867
2024-12-07 21:18:18,402995
2024-12-07 21:18:27,403117
2024-12-07 21:18:36,403230
2024-12-07 21:18:44,403340
2024-12-07 21:18:53,403456
2024-12-07 21:19:02,403575
2024-12-07 21:19:11,403674
2024-12-07 21:19:20,403788
2024-12-07 21:19:28,403894
2024-12-07 21:19:35,403982
2024-12-07 21:19:42,404072
2024-12-07 21:19:49,404128
2024-12-07 21:19:54,404216
2024-12-07 21:20:00,404289
2024-12-07 21:20:07,404354
2024-12-07 21:20:14,404442
2024-12-07 21:20:20,404521
2024-12-07 21:20:26,404613
2024-12-07 21:20:33,404696
2024-12-07 21:20:39,404783
2024-12-07 21:20:46,404865
2024-12-07 21:20:52,404964
2024-12-07 21:20:59,405064
2024-12-07 21:21:06,405168
2024-12-07 21:21:14,405256
2024-12-07 21:21:22,405361
2024-12-07 21:21:30,405461
2024-12-07 21:21:38,405565
2024-12-07 21:21:47,405646
2024-12-07 21:21:54,405735
2024-12-07 21:22:01,405830
2024-12-07 21:22:08,405937
2024-12-07 21:22:17,406026
2024-12-07 21:22:24,406113
2024-12-07 21:22:31,406188
2024-12-07 21:22:38,406288
2024-12-07 21:22:46,406378
2024-12-07 21:22:52,406445
2024-12-07 21:22:59,406518
2024-12-07 21:23:05,406614
2024-12-07 21:23:12,406701
2024-12-07 21:23:19,406777
2024-12-07 21:23:26,406852
2024-12-07 21:23:32,406922
2024-12-07 21:23:38,406993
2024-12-07 21:23:44,407080
2024-12-07 21:23:50,407136
2024-12-07 21:23:55,407192
2024-12-07 21:24:01,407257
2024-12-07 21:24:06,407313
2024-12-07 21:24:11,407374
2024-12-07 21:24:15,407432
2024-12-07 21:24:21,407479
2024-12-07 21:24:26,407532
2024-12-07 21:24:31,407602
2024-12-07 21:24:37,407677
2024-12-07 21:24:43,407758
2024-12-07 21:24:49,407826
2024-12-07 21:24:54,407899
2024-12-07 21:25:00,407970
2024-12-07 21:25:05,408056
2024-12-07 21:25:11,408126
2024-12-07 21:25:17,408188
2024-12-07 21:25:21,408264
2024-12-07 21:25:27,408336
2024-12-07 21:25:33,408393
2024-12-07 21:25:37,408437
2024-12-07 21:25:41,408503
2024-12-07 21:25:46,408571
2024-12-07 21:25:50,408644
2024-12-07 21:25:56,408698
2024-12-07 21:26:00,408751
2024-12-07 21:26:06,408801
2024-12-07 21:26:12,408861
2024-12-07 21:26:18,408951
2024-12-07 21:26:26,409052
2024-12-07 21:26:35,409158
2024-12-07 21:26:42,409230
2024-12-07 21:26:48,409318
2024-12-07 21:26:55,409419
2024-12-07 21:27:01,409482
2024-12-07 21:27:07,409552
2024-12-07 21:27:12,409602
2024-12-07 21:27:16,409644
2024-12-07 21:27:20,409707
2024-12-07 21:27:26,409761
2024-12-07 21:27:31,409794
2024-12-07 21:27:34,409842
2024-12-07 21:27:39,409883
2024-12-07 21:27:43,409907
2024-12-07 21:27:46,409968
2024-12-07 21:27:51,410018
2024-12-07 21:27:56,410070
2024-12-07 21:28:01,410106
2024-12-07 21:28:04,410170
2024-12-07 21:28:10,410244
2024-12-07 21:28:15,410319
2024-12-07 21:28:20,410373
2024-12-07 21:28:25,410399
2024-12-07 21:28:27,410428
2024-12-07 21:28:29,410476
2024-12-07 21:28:34,410544
2024-12-07 21:28:39,410613
2024-12-07 21:28:44,410661
2024-12-07 21:28:48,410677
2024-12-07 21:28:50,410692
2024-12-07 21:28:52,410708
2024-12-07 21:28:53,410727
2024-12-07 21:28:55,410750
2024-12-07 21:28:56,410807
2024-12-07 21:29:00,410861
2024-12-07 21:29:04,410913
2024-12-07 21:29:08,410968
2024-12-07 21:29:13,411006
2024-12-07 21:29:16,411024
2024-12-07 21:29:18,411075
2024-12-07 21:29:21,411113
2024-12-07 21:29:24,411119
2024-12-07 21:29:24,411122
2024-12-07 21:29:25,411125
2024-12-07 21:29:25,411148
2024-12-07 21:29:28,411180
2024-12-07 21:29:30,411184
2024-12-07 21:29:31,411189
2024-12-07 21:29:31,411195
2024-12-07 21:29:31,411219
2024-12-07 21:29:33,411221
2024-12-07 21:29:34,411236
2024-12-07 21:29:35,411252
2024-12-07 21:29:36,411263
2024-12-07 21:29:37,411275
2024-12-07 21:29:38,411285
2024-12-07 21:29:39,411288
2024-12-07 21:29:39,411296
2024-12-07 21:29:40,411302
2024-12-07 21:29:41,411309
2024-12-07 21:29:41,411315
2024-12-07 21:29:42,411320
2024-12-07 21:29:42,411328
2024-12-07 21:29:42,411330
2024-12-07 21:29:43,411336
2024-12-07 21:29:43,411339
2024-12-07 21:29:43,411341
2024-12-07 21:29:44,411348
2024-12-07 21:29:44,411352
2024-12-07 21:29:44,411360
2024-12-07 21:29:45,411363
2024-12-07 21:29:45,411366
2024-12-07 21:29:45,411369
2024-12-07 21:29:46,411370
2024-12-07 21:29:46,411370
2024-12-07 21:29:46,411374
2024-12-07 21:29:46,411377
2024-12-07 21:29:46,411379
2024-12-07 21:29:46,411381
2024-12-07 21:29:47,411386
2024-12-07 21:29:47,411390
2024-12-07 21:29:47,411394
2024-12-07 21:29:48,411403
2024-12-07 21:29:48,411407
2024-12-07 21:29:49,411408
2024-12-07 21:29:49,411420
2024-12-07 21:29:49,411426
2024-12-07 21:29:50,411430
2024-12-07 21:29:50,411435
2024-12-07 21:29:50,411438
2024-12-07 21:29:51,411442
2024-12-07 21:29:51,411445
2024-12-07 21:29:51,411451
2024-12-07 21:29:52,411455
2024-12-07 21:29:52,411480
2024-12-07 21:29:54,411488
2024-12-07 21:29:54,411491
2024-12-07 21:29:54,411493
2024-12-07 21:29:54,411494
2024-12-07 21:29:55,411499
2024-12-07 21:29:55,411502
2024-12-07 21:29:56,411506
2024-12-07 21:29:56,411511
2024-12-07 21:29:56,411512
2024-12-07 21:29:57,411512
2024-12-07 21:29:57,411513
2024-12-07 21:29:57,411513
2024-12-07 21:29:57,411514
2024-12-07 21:29:57,411517
2024-12-07 21:29:57,411520
2024-12-07 21:29:58,411523
2024-12-07 21:29:58,411523
2024-12-07 21:29:58,411525
2024-12-07 21:29:58,411526
2024-12-07 21:29:58,411526
2024-12-07 21:29:58,411527
2024-12-07 21:29:58,411531
2024-12-07 21:29:59,411532
2024-12-07 21:29:59,411535
2024-12-07 21:29:59,411538
2024-12-07 21:29:59,411541
2024-12-07 21:29:59,411541
2024-12-07 21:29:59,411546
2024-12-07 21:30:00,411546
2024-12-07 21:30:00,411547
2024-12-07 21:30:00,411548
2024-12-07 21:30:00,411550
2024-12-07 21:30:00,411550
2024-12-07 21:30:00,411551
2024-12-07 21:30:00,411553
2024-12-07 21:30:01,411556
2024-12-07 21:30:01,411556
2024-12-07 21:30:01,411557
2024-12-07 21:30:01,411559
2024-12-07 21:30:01,411561
2024-12-07 21:30:01,411561
2024-12-07 21:30:02,411564
2024-12-07 21:30:03,411573
2024-12-07 21:30:04,411585
2024-12-07 21:30:05,411592
2024-12-07 21:30:06,411598
2024-12-07 21:30:07,411607
2024-12-07 21:30:07,411618
2024-12-07 21:30:08,411631
2024-12-07 21:30:09,411637
2024-12-07 21:30:10,411646
2024-12-07 21:30:10,411651
2024-12-07 21:30:11,411652
2024-12-07 21:30:12,411658
2024-12-07 21:30:12,411665
2024-12-07 21:30:13,411669
2024-12-07 21:30:13,411677
2024-12-07 21:30:14,411685
2024-12-07 21:30:14,411687
2024-12-07 21:30:15,411699
2024-12-07 21:30:15,411708
2024-12-07 21:30:16,411713
2024-12-07 21:30:17,411719
2024-12-07 21:30:17,411724
2024-12-07 21:30:17,411731
2024-12-07 21:30:18,411741
2024-12-07 21:30:19,411750
2024-12-07 21:30:19,411757
2024-12-07 21:30:20,411762
2024-12-07 21:30:20,411765
2024-12-07 21:30:21,411767
2024-12-07 21:30:21,411769
2024-12-07 21:30:21,411769
2024-12-07 21:30:21,411770
2024-12-07 21:30:21,411772
2024-12-07 21:30:21,411773
2024-12-07 21:30:22,411776
2024-12-07 21:30:22,411778
2024-12-07 21:30:22,411778
2024-12-07 21:30:22,411779
2024-12-07 21:30:22,411781
2024-12-07 21:30:22,411781
2024-12-07 21:30:22,411782
2024-12-07 21:30:23,411784
2024-12-07 21:30:23,411790
2024-12-07 21:30:23,411795
2024-12-07 21:30:23,411798
2024-12-07 21:30:23,411801
2024-12-07 21:30:23,411803
2024-12-07 21:30:24,411807
2024-12-07 21:30:24,411808
2024-12-07 21:30:24,411818
2024-12-07 21:30:25,411821
2024-12-07 21:30:25,411821
2024-12-07 21:30:25,411827
2024-12-07 21:30:26,411829
2024-12-07 21:30:26,411831
2024-12-07 21:30:26,411833
2024-12-07 21:30:26,411838
2024-12-07 21:30:26,411841
2024-12-07 21:30:27,411848
2024-12-07 21:30:27,411853
2024-12-07 21:30:27,411860
2024-12-07 21:30:28,411862
2024-12-07 21:30:28,411865
2024-12-07 21:30:28,411866
2024-12-07 21:30:28,411869
2024-12-07 21:30:28,411870
2024-12-07 21:30:29,411875
2024-12-07 21:30:29,411877
2024-12-07 21:30:29,411878
2024-12-07 21:30:29,411879
2024-12-07 21:30:30,411882
2024-12-07 21:30:30,411885
2024-12-07 21:30:30,411885
2024-12-07 21:30:30,411887
2024-12-07 21:30:30,411889
2024-12-07 21:30:30,411891
2024-12-07 21:30:30,411892
2024-12-07 21:30:31,411892
2024-12-07 21:30:31,411894
2024-12-07 21:30:31,411898
2024-12-07 21:30:31,411900
2024-12-07 21:30:31,411902
2024-12-07 21:30:31,411905
2024-12-07 21:30:32,411908
2024-12-07 21:30:32,411909
2024-12-07 21:30:32,411910
2024-12-07 21:30:32,411911
2024-12-07 21:30:32,411915
2024-12-07 21:30:33,411917
2024-12-07 21:30:33,411922
2024-12-07 21:30:33,411923
2024-12-07 21:30:34,411927
2024-12-07 21:30:34,411928
2024-12-07 21:30:34,411930
2024-12-07 21:30:34,411932
2024-12-07 21:30:34,411934
2024-12-07 21:30:34,411935
2024-12-07 21:30:35,411936
2024-12-07 21:30:35,411940
2024-12-07 21:30:35,411942
2024-12-07 21:30:35,411942
2024-12-07 21:30:35,411943
2024-12-07 21:30:35,411946
2024-12-07 21:30:35,411949
2024-12-07 21:30:36,411954
2024-12-07 21:30:36,411955
2024-12-07 21:30:36,411956
2024-12-07 21:30:36,411959
2024-12-07 21:30:36,411960
2024-12-07 21:30:37,411964
2024-12-07 21:30:37,411965
2024-12-07 21:30:37,411968
2024-12-07 21:30:37,412035
2024-12-07 21:30:43,412111
2024-12-07 21:30:48,412114
2024-12-07 21:30:48,412118
2024-12-07 21:30:49,412123
2024-12-07 21:30:49,412128
2024-12-07 21:30:49,412130
2024-12-07 21:30:49,412131
2024-12-07 21:30:49,412133
2024-12-07 21:30:50,412136
2024-12-07 21:30:50,412142
2024-12-07 21:30:50,412143
2024-12-07 21:30:51,412146
2024-12-07 21:30:51,412147
2024-12-07 21:30:51,412150
2024-12-07 21:30:51,412152
2024-12-07 21:30:51,412153
2024-12-07 21:30:52,412155
2024-12-07 21:30:52,412155
2024-12-07 21:30:52,412157
2024-12-07 21:30:52,412158
2024-12-07 21:30:53,412164
2024-12-07 21:30:53,412165
2024-12-07 21:30:53,412169
2024-12-07 21:30:53,412171
2024-12-07 21:30:53,412172
2024-12-07 21:30:53,412173
2024-12-07 21:30:53,412178
2024-12-07 21:30:54,412179
2024-12-07 21:30:54,412186
2024-12-07 21:30:54,412191
2024-12-07 21:30:55,412196
2024-12-07 21:30:55,412200
2024-12-07 21:30:55,412204
2024-12-07 21:30:56,412210
2024-12-07 21:30:56,412215
2024-12-07 21:30:57,412220
2024-12-07 21:30:57,412225
2024-12-07 21:30:57,412230
2024-12-07 21:30:57,412231
2024-12-07 21:30:57,412231
2024-12-07 21:30:57,412231
2024-12-07 21:30:58,412236
2024-12-07 21:30:58,412239
2024-12-07 21:30:58,412240
2024-12-07 21:30:58,412245
2024-12-07 21:30:58,412247
2024-12-07 21:30:58,412249
2024-12-07 21:30:59,412249
2024-12-07 21:30:59,412250
2024-12-07 21:30:59,412251
2024-12-07 21:30:59,412255
2024-12-07 21:30:59,412257
2024-12-07 21:31:00,412260
2024-12-07 21:31:00,412263
2024-12-07 21:31:00,412265
2024-12-07 21:31:00,412266
2024-12-07 21:31:00,412270
2024-12-07 21:31:01,412272
2024-12-07 21:31:01,412274
2024-12-07 21:31:01,412276
2024-12-07 21:31:01,412276
2024-12-07 21:31:02,412279
2024-12-07 21:31:02,412281
2024-12-07 21:31:02,412285
2024-12-07 21:31:03,412288
2024-12-07 21:31:04,412297
2024-12-07 21:31:04,412298
2024-12-07 21:31:05,412310
2024-12-07 21:31:05,412314
2024-12-07 21:31:06,412317
2024-12-07 21:31:06,412319
2024-12-07 21:31:07,412328
2024-12-07 21:31:07,412330
2024-12-07 21:31:08,412338
2024-12-07 21:31:08,412343
2024-12-07 21:31:08,412347
2024-12-07 21:31:09,412348
2024-12-07 21:31:09,412348
2024-12-07 21:31:10,412359
2024-12-07 21:31:10,412365
2024-12-07 21:31:10,412367
2024-12-07 21:31:10,412368
2024-12-07 21:31:11,412370
2024-12-07 21:31:11,412371
2024-12-07 21:31:11,412374
2024-12-07 21:31:11,412377
2024-12-07 21:31:11,412378
2024-12-07 21:31:11,412380
2024-12-07 21:31:12,412385
2024-12-07 21:31:12,412386
2024-12-07 21:31:12,412389
2024-12-07 21:31:12,412390
2024-12-07 21:31:12,412393
2024-12-07 21:31:13,412395
2024-12-07 21:31:13,412396
2024-12-07 21:31:13,412398
2024-12-07 21:31:13,412399
2024-12-07 21:31:13,412404
2024-12-07 21:31:13,412405
2024-12-07 21:31:14,412408
2024-12-07 21:31:14,412409
2024-12-07 21:31:14,412412
2024-12-07 21:31:14,412413
2024-12-07 21:31:14,412417
2024-12-07 21:31:14,412419
2024-12-07 21:31:15,412424
2024-12-07 21:31:15,412427
2024-12-07 21:31:15,412430
2024-12-07 21:31:15,412431
2024-12-07 21:31:15,412432
2024-12-07 21:31:15,412432
2024-12-07 21:31:15,412432
2024-12-07 21:31:15,412435
2024-12-07 21:31:16,412436
2024-12-07 21:31:16,412436
2024-12-07 21:31:16,412440
2024-12-07 21:31:16,412441
2024-12-07 21:31:16,412444
2024-12-07 21:31:16,412444
2024-12-07 21:31:16,412444
2024-12-07 21:31:17,412445
2024-12-07 21:31:17,412450
2024-12-07 21:31:17,412453
2024-12-07 21:31:17,412454
2024-12-07 21:31:17,412455
2024-12-07 21:31:17,412457
2024-12-07 21:31:17,412460
2024-12-07 21:31:18,412465
2024-12-07 21:31:18,412468
2024-12-07 21:31:18,412470
2024-12-07 21:31:18,412471
2024-12-07 21:31:19,412471
2024-12-07 21:31:19,412474
2024-12-07 21:31:19,412475
2024-12-07 21:31:19,412479
2024-12-07 21:31:19,412481
2024-12-07 21:31:19,412484
2024-12-07 21:31:19,412485
2024-12-07 21:31:20,412489
2024-12-07 21:31:20,412490
2024-12-07 21:31:20,412490
2024-12-07 21:31:20,412490
2024-12-07 21:31:20,412491
2024-12-07 21:31:20,412493
2024-12-07 21:31:21,412495
2024-12-07 21:31:21,412496
2024-12-07 21:31:21,412499
2024-12-07 21:31:21,412501
2024-12-07 21:31:21,412502
2024-12-07 21:31:21,412503
2024-12-07 21:31:21,412504
2024-12-07 21:31:22,412505
2024-12-07 21:31:22,412508
2024-12-07 21:31:22,412512
2024-12-07 21:31:22,412513
2024-12-07 21:31:22,412514
2024-12-07 21:31:22,412514
2024-12-07 21:31:22,412515
2024-12-07 21:31:23,412516
2024-12-07 21:31:23,412518
2024-12-07 21:31:23,412521
2024-12-07 21:31:23,412525
2024-12-07 21:31:23,412528
2024-12-07 21:31:23,412530
2024-12-07 21:31:23,412534
2024-12-07 21:31:24,412535
2024-12-07 21:31:24,412537
2024-12-07 21:31:24,412537
2024-12-07 21:31:24,412538
2024-12-07 21:31:24,412539
2024-12-07 21:31:24,412541
2024-12-07 21:31:25,412549
2024-12-07 21:31:25,412550
2024-12-07 21:31:25,412550
2024-12-07 21:31:25,412551
2024-12-07 21:31:25,412552
2024-12-07 21:31:26,412554
2024-12-07 21:31:26,412555
2024-12-07 21:31:26,412555
2024-12-07 21:31:26,412559
2024-12-07 21:31:26,412561
2024-12-07 21:31:26,412563
2024-12-07 21:31:27,412563
2024-12-07 21:31:27,412569
2024-12-07 21:31:27,412571
2024-12-07 21:31:27,412572
2024-12-07 21:31:27,412573
2024-12-07 21:31:27,412574
2024-12-07 21:31:27,412575
2024-12-07 21:31:28,412579
2024-12-07 21:31:28,412582
2024-12-07 21:31:28,412585
2024-12-07 21:31:28,412587
2024-12-07 21:31:29,412590
2024-12-07 21:31:29,412599
2024-12-07 21:31:29,412600
2024-12-07 21:31:29,412601
2024-12-07 21:31:29,412602
2024-12-07 21:31:30,412602
2024-12-07 21:31:30,412602
2024-12-07 21:31:30,412604
2024-12-07 21:31:30,412607
2024-12-07 21:31:30,412608
2024-12-07 21:31:30,412610
2024-12-07 21:31:30,412611
2024-12-07 21:31:31,412612
2024-12-07 21:31:31,412615
2024-12-07 21:31:31,412616
2024-12-07 21:31:31,412619
2024-12-07 21:31:31,412620
2024-12-07 21:31:31,412621
2024-12-07 21:31:31,412623
2024-12-07 21:31:32,412625
2024-12-07 21:31:32,412625
2024-12-07 21:31:32,412625
2024-12-07 21:31:32,412625
2024-12-07 21:31:32,412625
2024-12-07 21:31:32,412626
2024-12-07 21:31:32,412628
2024-12-07 21:31:33,412630
2024-12-07 21:31:33,412634
2024-12-07 21:31:33,412636
2024-12-07 21:31:33,412639
2024-12-07 21:31:34,412640
2024-12-07 21:31:34,412640
2024-12-07 21:31:34,412641
2024-12-07 21:31:34,412643
2024-12-07 21:31:34,412644
2024-12-07 21:31:34,412646
2024-12-07 21:31:34,412648
2024-12-07 21:31:35,412650
2024-12-07 21:31:35,412652
2024-12-07 21:31:35,412656
2024-12-07 21:31:35,412656
2024-12-07 21:31:35,412658
2024-12-07 21:31:35,412659
2024-12-07 21:31:35,412661
2024-12-07 21:31:36,412669
2024-12-07 21:31:36,412673
2024-12-07 21:31:36,412674
2024-12-07 21:31:36,412675
2024-12-07 21:31:36,412675
2024-12-07 21:31:37,412679
2024-12-07 21:31:37,412679
2024-12-07 21:31:37,412680
2024-12-07 21:31:37,412681
2024-12-07 21:31:37,412681
2024-12-07 21:31:37,412681
2024-12-07 21:31:38,412684
2024-12-07 21:31:38,412687
2024-12-07 21:31:38,412688
2024-12-07 21:31:38,412690
2024-12-07 21:31:38,412693
2024-12-07 21:31:39,412697
2024-12-07 21:31:39,412699
2024-12-07 21:31:39,412706
2024-12-07 21:31:39,412709
2024-12-07 21:31:39,412710
2024-12-07 21:31:40,412713
2024-12-07 21:31:40,412715
2024-12-07 21:31:40,412717
2024-12-07 21:31:40,412718
2024-12-07 21:31:41,412723
2024-12-07 21:31:41,412727
2024-12-07 21:31:41,412735
2024-12-07 21:31:42,412743
2024-12-07 21:31:42,412751
2024-12-07 21:31:42,412753
2024-12-07 21:31:43,412754
2024-12-07 21:31:43,412755
2024-12-07 21:31:44,412760
2024-12-07 21:31:44,412761
2024-12-07 21:31:45,412763
2024-12-07 21:31:45,412764
2024-12-07 21:31:45,412772
2024-12-07 21:31:45,412777
2024-12-07 21:31:46,412783
2024-12-07 21:31:46,412787
2024-12-07 21:31:47,412796
2024-12-07 21:31:47,412796
2024-12-07 21:31:48,412802
2024-12-07 21:31:48,412806
2024-12-07 21:31:48,412809
2024-12-07 21:31:48,412812
2024-12-07 21:31:49,412815
2024-12-07 21:31:49,412816
2024-12-07 21:31:49,412818
2024-12-07 21:31:49,412820
2024-12-07 21:31:49,412823
2024-12-07 21:31:49,412824
2024-12-07 21:31:49,412826
2024-12-07 21:31:50,412827
2024-12-07 21:31:50,412827
2024-12-07 21:31:50,412831
2024-12-07 21:31:50,412834
2024-12-07 21:31:51,412841
2024-12-07 21:31:51,412843
2024-12-07 21:31:51,412847
2024-12-07 21:31:51,412849
2024-12-07 21:31:51,412851
2024-12-07 21:31:52,412852
2024-12-07 21:31:52,412854
2024-12-07 21:31:52,412856
2024-12-07 21:31:52,412856
2024-12-07 21:31:52,412856
2024-12-07 21:31:52,412857
2024-12-07 21:31:53,412858
2024-12-07 21:31:53,412861
2024-12-07 21:31:53,412864
2024-12-07 21:31:53,412865
2024-12-07 21:31:53,412866
2024-12-07 21:31:53,412867
2024-12-07 21:31:53,412867
2024-12-07 21:31:54,412869
2024-12-07 21:31:54,412871
2024-12-07 21:31:54,412875
2024-12-07 21:31:54,412879
2024-12-07 21:31:55,412881
2024-12-07 21:31:55,412885
2024-12-07 21:31:55,412890
2024-12-07 21:31:56,412892
2024-12-07 21:31:56,412892
2024-12-07 21:31:56,412895
2024-12-07 21:31:56,412895
2024-12-07 21:31:56,412897
2024-12-07 21:31:57,412904
2024-12-07 21:31:57,412908
2024-12-07 21:31:58,412915
2024-12-07 21:31:58,412921
2024-12-07 21:31:58,412925
2024-12-07 21:31:59,412928
2024-12-07 21:31:59,412930
2024-12-07 21:31:59,412935
2024-12-07 21:31:59,412941
2024-12-07 21:31:59,412944
2024-12-07 21:32:00,412946
2024-12-07 21:32:00,412950
2024-12-07 21:32:00,412954
2024-12-07 21:32:00,412954
2024-12-07 21:32:00,412960
2024-12-07 21:32:00,412960
2024-12-07 21:32:01,412963
2024-12-07 21:32:01,412963
2024-12-07 21:32:01,412963
2024-12-07 21:32:01,412963
2024-12-07 21:32:01,412965
2024-12-07 21:32:01,412966
2024-12-07 21:32:02,412968
2024-12-07 21:32:02,412969
2024-12-07 21:32:02,412970
2024-12-07 21:32:02,412974
2024-12-07 21:32:03,412979
2024-12-07 21:32:03,412984
2024-12-07 21:32:04,413044
2024-12-07 21:32:09,413046
2024-12-07 21:32:09,413048
2024-12-07 21:32:10,413050
2024-12-07 21:32:10,413053
2024-12-07 21:32:10,413054
2024-12-07 21:32:10,413058
2024-12-07 21:32:11,413060
2024-12-07 21:32:11,413063
2024-12-07 21:32:11,413070
2024-12-07 21:32:12,413077
2024-12-07 21:32:13,413091
2024-12-07 21:32:14,413098
2024-12-07 21:32:14,413102
2024-12-07 21:32:14,413106
2024-12-07 21:32:15,413108
2024-12-07 21:32:15,413117
2024-12-07 21:32:16,413119
2024-12-07 21:32:16,413124
2024-12-07 21:32:17,413132
2024-12-07 21:32:17,413138
2024-12-07 21:32:18,413147
2024-12-07 21:32:18,413151
2024-12-07 21:32:19,413158
2024-12-07 21:32:19,413162
2024-12-07 21:32:20,413168
2024-12-07 21:32:20,413171
2024-12-07 21:32:21,413184
2024-12-07 21:32:22,413186
2024-12-07 21:32:22,413190
2024-12-07 21:32:23,413191
2024-12-07 21:32:23,413196
2024-12-07 21:32:23,413200
2024-12-07 21:32:23,413202
2024-12-07 21:32:24,413204
2024-12-07 21:32:24,413204
2024-12-07 21:32:24,413206
2024-12-07 21:32:24,413209
2024-12-07 21:32:24,413210
2024-12-07 21:32:24,413213
2024-12-07 21:32:25,413215
2024-12-07 21:32:25,413217
2024-12-07 21:32:25,413220
2024-12-07 21:32:25,413221
2024-12-07 21:32:25,413222
2024-12-07 21:32:26,413227
2024-12-07 21:32:26,413233
2024-12-07 21:32:26,413238
2024-12-07 21:32:26,413242
2024-12-07 21:32:27,413243
2024-12-07 21:32:27,413245
2024-12-07 21:32:27,413249
2024-12-07 21:32:27,413256
2024-12-07 21:32:28,413258
2024-12-07 21:32:28,413262
2024-12-07 21:32:28,413262
2024-12-07 21:32:28,413267
2024-12-07 21:32:29,413274
2024-12-07 21:32:29,413275
2024-12-07 21:32:29,413277
2024-12-07 21:32:29,413284
2024-12-07 21:32:30,413289
2024-12-07 21:32:31,413296
2024-12-07 21:32:31,413299
2024-12-07 21:32:32,413302
2024-12-07 21:32:32,413306
2024-12-07 21:32:32,413310
2024-12-07 21:32:32,413313
2024-12-07 21:32:33,413315
2024-12-07 21:32:33,413318
2024-12-07 21:32:33,413321
2024-12-07 21:32:33,413324
2024-12-07 21:32:34,413325
2024-12-07 21:32:34,413333
2024-12-07 21:32:34,413333
2024-12-07 21:32:34,413335
2024-12-07 21:32:34,413337
2024-12-07 21:32:34,413337
2024-12-07 21:32:35,413337
2024-12-07 21:32:35,413337
2024-12-07 21:32:35,413339
2024-12-07 21:32:35,413340
2024-12-07 21:32:35,413341
2024-12-07 21:32:35,413341
2024-12-07 21:32:36,413345
2024-12-07 21:32:36,413347
2024-12-07 21:32:36,413347
2024-12-07 21:32:36,413350
2024-12-07 21:32:36,413351
2024-12-07 21:32:37,413353
2024-12-07 21:32:37,413354
2024-12-07 21:32:37,413356
2024-12-07 21:32:37,413357
2024-12-07 21:32:37,413357
2024-12-07 21:32:37,413359
2024-12-07 21:32:38,413362
2024-12-07 21:32:38,413364
2024-12-07 21:32:38,413366
2024-12-07 21:32:38,413368
2024-12-07 21:32:38,413368
2024-12-07 21:32:38,413370
2024-12-07 21:32:38,413372
2024-12-07 21:32:39,413374
2024-12-07 21:32:39,413374
2024-12-07 21:32:39,413376
2024-12-07 21:32:40,413379
2024-12-07 21:32:40,413384
2024-12-07 21:32:40,413387
2024-12-07 21:32:41,413391
2024-12-07 21:32:41,413394
2024-12-07 21:32:42,413404
2024-12-07 21:32:42,413409
2024-12-07 21:32:43,413415
2024-12-07 21:32:43,413419
2024-12-07 21:32:44,413422
2024-12-07 21:32:44,413435
2024-12-07 21:32:45,413444
2024-12-07 21:32:46,413447
2024-12-07 21:32:46,413449
2024-12-07 21:32:47,413458
2024-12-07 21:32:48,413466
2024-12-07 21:32:48,413470
2024-12-07 21:32:49,413472
2024-12-07 21:32:49,413477
2024-12-07 21:32:49,413480
2024-12-07 21:32:50,413486
2024-12-07 21:32:50,413489
2024-12-07 21:32:51,413494
2024-12-07 21:32:51,413500
2024-12-07 21:32:52,413505
2024-12-07 21:32:52,413510
2024-12-07 21:32:53,413514
2024-12-07 21:32:53,413517
2024-12-07 21:32:53,413525
2024-12-07 21:32:54,413536
2024-12-07 21:32:54,413544
2024-12-07 21:32:54,413549
2024-12-07 21:32:55,413558
2024-12-07 21:32:56,413561
2024-12-07 21:32:56,413564
2024-12-07 21:32:57,413569
2024-12-07 21:32:57,413572
2024-12-07 21:32:58,413577
2024-12-07 21:32:58,413580
2024-12-07 21:32:58,413581
2024-12-07 21:32:59,413586
2024-12-07 21:32:59,413588
2024-12-07 21:32:59,413592
2024-12-07 21:33:00,413597
2024-12-07 21:33:00,413598
2024-12-07 21:33:00,413601
2024-12-07 21:33:00,413602
2024-12-07 21:33:01,413607
2024-12-07 21:33:01,413611
2024-12-07 21:33:01,413614
2024-12-07 21:33:01,413618
2024-12-07 21:33:01,413621
2024-12-07 21:33:02,413628
2024-12-07 21:33:03,413635
2024-12-07 21:33:03,413644
2024-12-07 21:33:04,413654
2024-12-07 21:33:05,413661
2024-12-07 21:33:05,413666
2024-12-07 21:33:05,413671
2024-12-07 21:33:06,413679
2024-12-07 21:33:07,413680
2024-12-07 21:33:07,413685
2024-12-07 21:33:08,413693
2024-12-07 21:33:08,413697
2024-12-07 21:33:09,413700
2024-12-07 21:33:09,413706
2024-12-07 21:33:10,413710
2024-12-07 21:33:11,413716
2024-12-07 21:33:11,413729
2024-12-07 21:33:12,413734
2024-12-07 21:33:13,413743
2024-12-07 21:33:14,413754
2024-12-07 21:33:15,413772
2024-12-07 21:33:16,413782
2024-12-07 21:33:17,413799
2024-12-07 21:33:18,413812
2024-12-07 21:33:19,413825
2024-12-07 21:33:20,413835
2024-12-07 21:33:21,413849
2024-12-07 21:33:23,413867
2024-12-07 21:33:23,413877
2024-12-07 21:33:24,413895
2024-12-07 21:33:25,413906
2024-12-07 21:33:27,413919
2024-12-07 21:33:28,413927
2024-12-07 21:33:29,413938
2024-12-07 21:33:30,413949
2024-12-07 21:33:31,413957
2024-12-07 21:33:32,413973
2024-12-07 21:33:32,413981
2024-12-07 21:33:33,413990
2024-12-07 21:33:34,414004
2024-12-07 21:33:35,414013
2024-12-07 21:33:36,414021
2024-12-07 21:33:36,414027
2024-12-07 21:33:37,414031
2024-12-07 21:33:38,414043
2024-12-07 21:33:38,414058
2024-12-07 21:33:39,414064
2024-12-07 21:33:40,414069
2024-12-07 21:33:41,414076
2024-12-07 21:33:41,414085
2024-12-07 21:33:42,414087
2024-12-07 21:33:42,414095
2024-12-07 21:33:43,414097
2024-12-07 21:33:43,414099
2024-12-07 21:33:44,414102
2024-12-07 21:33:44,414105
2024-12-07 21:33:44,414110
2024-12-07 21:33:45,414117
2024-12-07 21:33:46,414128
2024-12-07 21:33:46,414135
2024-12-07 21:33:47,414140
2024-12-07 21:33:47,414145
2024-12-07 21:33:48,414149
2024-12-07 21:33:48,414153
2024-12-07 21:33:48,414155
2024-12-07 21:33:48,414157
2024-12-07 21:33:49,414160
2024-12-07 21:33:49,414162
2024-12-07 21:33:49,414165
2024-12-07 21:33:49,414166
2024-12-07 21:33:49,414166
2024-12-07 21:33:49,414231
2024-12-07 21:33:56,414240
2024-12-07 21:33:57,414247
2024-12-07 21:33:57,414251
2024-12-07 21:33:58,414255
2024-12-07 21:33:58,414257
2024-12-07 21:33:59,414263
2024-12-07 21:33:59,414266
2024-12-07 21:33:59,414269
2024-12-07 21:34:00,414270
2024-12-07 21:34:00,414272
2024-12-07 21:34:00,414278
2024-12-07 21:34:00,414282
2024-12-07 21:34:01,414287
2024-12-07 21:34:01,414294
2024-12-07 21:34:02,414304
2024-12-07 21:34:02,414313
2024-12-07 21:34:03,414317
2024-12-07 21:34:03,414318
2024-12-07 21:34:03,414323
2024-12-07 21:34:04,414327
2024-12-07 21:34:04,414329
2024-12-07 21:34:04,414336
2024-12-07 21:34:05,414338
2024-12-07 21:34:05,414339
2024-12-07 21:34:05,414340
2024-12-07 21:34:05,414343
2024-12-07 21:34:06,414344
2024-12-07 21:34:06,414349
2024-12-07 21:34:06,414367
2024-12-07 21:34:08,414368
2024-12-07 21:34:08,414372
2024-12-07 21:34:08,414375
2024-12-07 21:34:09,414379
2024-12-07 21:34:09,414382
2024-12-07 21:34:09,414387
2024-12-07 21:34:10,414392
2024-12-07 21:34:10,414395
2024-12-07 21:34:10,414398
2024-12-07 21:34:11,414415
2024-12-07 21:34:12,414418
2024-12-07 21:34:12,414420
2024-12-07 21:34:12,414423
2024-12-07 21:34:13,414424
2024-12-07 21:34:13,414429
2024-12-07 21:34:13,414434
2024-12-07 21:34:14,414438
2024-12-07 21:34:15,414447
2024-12-07 21:34:15,414450
2024-12-07 21:34:16,414459
2024-12-07 21:34:16,414468
2024-12-07 21:34:17,414472
2024-12-07 21:34:18,414479
2024-12-07 21:34:19,414482
2024-12-07 21:34:19,414495
2024-12-07 21:34:20,414503
2024-12-07 21:34:21,414510
2024-12-07 21:34:21,414512
2024-12-07 21:34:21,414517
2024-12-07 21:34:22,414524
2024-12-07 21:34:22,414527
2024-12-07 21:34:23,414533
2024-12-07 21:34:23,414540
2024-12-07 21:34:23,414541
2024-12-07 21:34:23,414544
2024-12-07 21:34:24,414544
2024-12-07 21:34:24,414548
2024-12-07 21:34:24,414551
2024-12-07 21:34:24,414552
2024-12-07 21:34:25,414552
2024-12-07 21:34:25,414552
2024-12-07 21:34:25,414553
2024-12-07 21:34:25,414555
2024-12-07 21:34:25,414560
2024-12-07 21:34:25,414564
2024-12-07 21:34:26,414566
2024-12-07 21:34:26,414567
2024-12-07 21:34:26,414568
2024-12-07 21:34:26,414568
2024-12-07 21:34:26,414569
2024-12-07 21:34:26,414574
2024-12-07 21:34:26,414575
2024-12-07 21:34:27,414575
2024-12-07 21:34:27,414576
2024-12-07 21:34:27,414577
2024-12-07 21:34:27,414578
2024-12-07 21:34:27,414578
2024-12-07 21:34:27,414578
2024-12-07 21:34:27,414579
2024-12-07 21:34:28,414580
2024-12-07 21:34:28,414581
2024-12-07 21:34:28,414583
2024-12-07 21:34:28,414583
2024-12-07 21:34:28,414585
2024-12-07 21:34:29,414587
2024-12-07 21:34:29,414594
2024-12-07 21:34:29,414597
2024-12-07 21:34:30,414605
2024-12-07 21:34:31,414613
2024-12-07 21:34:31,414615
2024-12-07 21:34:32,414621
2024-12-07 21:34:32,414631
2024-12-07 21:34:33,414639
2024-12-07 21:34:33,414649
2024-12-07 21:34:34,414663
2024-12-07 21:34:35,414677
2024-12-07 21:34:36,414685
2024-12-07 21:34:37,414693
2024-12-07 21:34:37,414698
2024-12-07 21:34:38,414703
2024-12-07 21:34:38,414714
2024-12-07 21:34:39,414718
2024-12-07 21:34:39,414721
2024-12-07 21:34:40,414734
2024-12-07 21:34:40,414738
2024-12-07 21:34:40,414742
2024-12-07 21:34:41,414745
2024-12-07 21:34:41,414750
2024-12-07 21:34:41,414752
2024-12-07 21:34:42,414760
2024-12-07 21:34:42,414765
2024-12-07 21:34:43,414767
2024-12-07 21:34:43,414772
2024-12-07 21:34:43,414775
2024-12-07 21:34:43,414779
2024-12-07 21:34:44,414781
2024-12-07 21:34:44,414791
2024-12-07 21:34:44,414793
2024-12-07 21:34:45,414794
2024-12-07 21:34:45,414795
2024-12-07 21:34:45,414797
2024-12-07 21:34:45,414799
2024-12-07 21:34:45,414803
2024-12-07 21:34:46,414803
2024-12-07 21:34:46,414805
2024-12-07 21:34:46,414811
2024-12-07 21:34:46,414812
2024-12-07 21:34:46,414812
2024-12-07 21:34:46,414813
2024-12-07 21:34:47,414816
2024-12-07 21:34:47,414817
2024-12-07 21:34:47,414824
2024-12-07 21:34:48,414828
2024-12-07 21:34:48,414835
2024-12-07 21:34:49,414835
2024-12-07 21:34:49,414839
2024-12-07 21:34:49,414840
2024-12-07 21:34:50,414846
2024-12-07 21:34:50,414851
2024-12-07 21:34:51,414855
2024-12-07 21:34:51,414858
2024-12-07 21:34:52,414860
2024-12-07 21:34:52,414860
2024-12-07 21:34:52,414865
2024-12-07 21:34:53,414874
2024-12-07 21:34:53,414878
2024-12-07 21:34:54,414887
2024-12-07 21:34:54,414889
2024-12-07 21:34:55,414891
2024-12-07 21:34:55,414894
2024-12-07 21:34:56,414903
2024-12-07 21:34:56,414905
2024-12-07 21:34:57,414910
2024-12-07 21:34:57,414912
2024-12-07 21:34:58,414921
2024-12-07 21:34:58,414924
2024-12-07 21:34:58,414926
2024-12-07 21:34:59,414930
2024-12-07 21:34:59,414934
2024-12-07 21:34:59,414936
2024-12-07 21:34:59,414939
2024-12-07 21:35:00,414945
2024-12-07 21:35:00,414946
2024-12-07 21:35:00,414952
2024-12-07 21:35:01,414953
2024-12-07 21:35:01,414954
2024-12-07 21:35:01,414954
2024-12-07 21:35:01,414956
2024-12-07 21:35:01,414958
2024-12-07 21:35:02,414959
2024-12-07 21:35:02,414961
2024-12-07 21:35:02,414972
2024-12-07 21:35:04,414985
2024-12-07 21:35:04,414990
2024-12-07 21:35:05,415002
2024-12-07 21:35:05,415012
2024-12-07 21:35:06,415019
2024-12-07 21:35:07,415026
2024-12-07 21:35:07,415030
2024-12-07 21:35:08,415037
2024-12-07 21:35:08,415044
2024-12-07 21:35:09,415046
2024-12-07 21:35:09,415048
2024-12-07 21:35:09,415051
2024-12-07 21:35:09,415055
2024-12-07 21:35:10,415059
2024-12-07 21:35:10,415064
2024-12-07 21:35:11,415070
2024-12-07 21:35:11,415074
2024-12-07 21:35:11,415079
2024-12-07 21:35:12,415083
2024-12-07 21:35:12,415088
2024-12-07 21:35:13,415093
2024-12-07 21:35:13,415094
2024-12-07 21:35:13,415098
2024-12-07 21:35:14,415102
2024-12-07 21:35:14,415106
2024-12-07 21:35:14,415113
2024-12-07 21:35:15,415118
2024-12-07 21:35:15,415128
2024-12-07 21:35:15,415132
2024-12-07 21:35:16,415133
2024-12-07 21:35:16,415138
2024-12-07 21:35:17,415145
2024-12-07 21:35:17,415151
2024-12-07 21:35:18,415159
2024-12-07 21:35:18,415164
2024-12-07 21:35:19,415171
2024-12-07 21:35:20,415179
2024-12-07 21:35:20,415189
2024-12-07 21:35:21,415197
2024-12-07 21:35:22,415203
2024-12-07 21:35:23,415216
2024-12-07 21:35:23,415220
2024-12-07 21:35:24,415229
2024-12-07 21:35:25,415237
2024-12-07 21:35:25,415250
2024-12-07 21:35:26,415254
2024-12-07 21:35:26,415256
2024-12-07 21:35:27,415263
2024-12-07 21:35:27,415267
2024-12-07 21:35:28,415277
2024-12-07 21:35:28,415285
2024-12-07 21:35:29,415299
2024-12-07 21:35:30,415303
2024-12-07 21:35:31,415313
2024-12-07 21:35:32,415319
2024-12-07 21:35:33,415326
2024-12-07 21:35:34,415338
2024-12-07 21:35:35,415350
2024-12-07 21:35:36,415358
2024-12-07 21:35:37,415366
2024-12-07 21:35:38,415372
2024-12-07 21:35:38,415381
2024-12-07 21:35:39,415385
2024-12-07 21:35:40,415394
2024-12-07 21:35:40,415398
2024-12-07 21:35:40,415401
2024-12-07 21:35:41,415401
2024-12-07 21:35:41,415403
2024-12-07 21:35:41,415403
2024-12-07 21:35:42,415404
2024-12-07 21:35:42,415405
2024-12-07 21:35:42,415411
2024-12-07 21:35:42,415415
2024-12-07 21:35:43,415419
2024-12-07 21:35:43,415419
2024-12-07 21:35:43,415422
2024-12-07 21:35:43,415425
2024-12-07 21:35:44,415429
2024-12-07 21:35:44,415433
2024-12-07 21:35:44,415434
2024-12-07 21:35:45,415441
2024-12-07 21:35:45,415441
2024-12-07 21:35:45,415442
2024-12-07 21:35:45,415443
2024-12-07 21:35:45,415446
2024-12-07 21:35:46,415453
2024-12-07 21:35:46,415454
2024-12-07 21:35:46,415456
2024-12-07 21:35:46,415458
2024-12-07 21:35:46,415460
2024-12-07 21:35:47,415462
2024-12-07 21:35:47,415466
2024-12-07 21:35:48,415472
2024-12-07 21:35:48,415480
2024-12-07 21:35:49,415483
2024-12-07 21:35:49,415485
2024-12-07 21:35:49,415490
2024-12-07 21:35:50,415495
2024-12-07 21:35:50,415501
2024-12-07 21:35:51,415502
2024-12-07 21:35:51,415505
2024-12-07 21:35:52,415511
2024-12-07 21:35:52,415518
2024-12-07 21:35:53,415520
2024-12-07 21:35:53,415524
2024-12-07 21:35:53,415529
2024-12-07 21:35:54,415534
2024-12-07 21:35:54,415538
2024-12-07 21:35:54,415539
2024-12-07 21:35:55,415540
2024-12-07 21:35:55,415540
2024-12-07 21:35:55,415540
2024-12-07 21:35:55,415540
2024-12-07 21:35:55,415541
2024-12-07 21:35:56,415545
2024-12-07 21:35:56,415547
2024-12-07 21:35:56,415547
2024-12-07 21:35:57,415549
2024-12-07 21:35:57,415551
2024-12-07 21:35:57,415552
2024-12-07 21:35:57,415554
2024-12-07 21:35:57,415556
2024-12-07 21:35:58,415559
2024-12-07 21:35:58,415565
2024-12-07 21:35:58,415569
2024-12-07 21:35:58,415575
2024-12-07 21:35:59,415577
2024-12-07 21:35:59,415577
2024-12-07 21:35:59,415582
2024-12-07 21:36:00,415590
2024-12-07 21:36:00,415591
2024-12-07 21:36:00,415591
2024-12-07 21:36:00,415593
2024-12-07 21:36:00,415594
2024-12-07 21:36:00,415596
2024-12-07 21:36:01,415598
2024-12-07 21:36:01,415600
2024-12-07 21:36:01,415604
2024-12-07 21:36:01,415605
2024-12-07 21:36:02,415609
2024-12-07 21:36:02,415616
2024-12-07 21:36:02,415625
2024-12-07 21:36:04,415630
2024-12-07 21:36:04,415632
2024-12-07 21:36:05,415641
2024-12-07 21:36:06,415652
2024-12-07 21:36:06,415661
2024-12-07 21:36:07,415668
2024-12-07 21:36:08,415671
2024-12-07 21:36:08,415673
2024-12-07 21:36:08,415676
2024-12-07 21:36:09,415683
2024-12-07 21:36:09,415684
2024-12-07 21:36:10,415690
2024-12-07 21:36:10,415692
2024-12-07 21:36:11,415698
2024-12-07 21:36:11,415702
2024-12-07 21:36:12,415709
2024-12-07 21:36:12,415716
2024-12-07 21:36:13,415721
2024-12-07 21:36:13,415723
2024-12-07 21:36:14,415732
2024-12-07 21:36:14,415736
2024-12-07 21:36:15,415741
2024-12-07 21:36:15,415750
2024-12-07 21:36:16,415756
2024-12-07 21:36:16,415767
2024-12-07 21:36:17,415777
2024-12-07 21:36:18,415782
2024-12-07 21:36:18,415787
2024-12-07 21:36:19,415800
2024-12-07 21:36:19,415804
2024-12-07 21:36:20,415811
2024-12-07 21:36:20,415814
2024-12-07 21:36:21,415817
2024-12-07 21:36:21,415818
2024-12-07 21:36:21,415834
2024-12-07 21:36:23,415838
2024-12-07 21:36:23,415841
2024-12-07 21:36:23,415845
2024-12-07 21:36:24,415853
2024-12-07 21:36:24,415860
2024-12-07 21:36:24,415862
2024-12-07 21:36:25,415869
2024-12-07 21:36:25,415873
2024-12-07 21:36:26,415875
2024-12-07 21:36:26,415882
2024-12-07 21:36:26,415887
2024-12-07 21:36:27,415892
2024-12-07 21:36:27,415893
2024-12-07 21:36:27,415896
2024-12-07 21:36:28,415900
2024-12-07 21:36:28,415902
2024-12-07 21:36:29,415908
2024-12-07 21:36:29,415912
2024-12-07 21:36:29,415915
2024-12-07 21:36:29,415915
2024-12-07 21:36:29,415919
2024-12-07 21:36:30,415921
2024-12-07 21:36:30,415929
2024-12-07 21:36:30,415931
2024-12-07 21:36:30,415935
2024-12-07 21:36:31,415936
2024-12-07 21:36:31,415939
2024-12-07 21:36:31,415940
2024-12-07 21:36:31,415943
2024-12-07 21:36:31,415943
2024-12-07 21:36:31,415943
2024-12-07 21:36:32,415945
2024-12-07 21:36:32,415948
2024-12-07 21:36:32,415949
2024-12-07 21:36:32,415951
2024-12-07 21:36:33,415958
2024-12-07 21:36:33,415961
2024-12-07 21:36:33,415967
2024-12-07 21:36:34,415972
2024-12-07 21:36:34,415973
2024-12-07 21:36:34,415981
2024-12-07 21:36:35,415983
2024-12-07 21:36:35,415985
2024-12-07 21:36:35,415992
2024-12-07 21:36:36,415995
2024-12-07 21:36:36,416002
2024-12-07 21:36:36,416003
2024-12-07 21:36:36,416004
2024-12-07 21:36:37,416007
2024-12-07 21:36:37,416010
2024-12-07 21:36:37,416013
2024-12-07 21:36:38,416017
2024-12-07 21:36:38,416019
2024-12-07 21:36:38,416019
2024-12-07 21:36:38,416020
2024-12-07 21:36:38,416023
2024-12-07 21:36:38,416026
2024-12-07 21:36:39,416027
2024-12-07 21:36:39,416029
2024-12-07 21:36:39,416030
2024-12-07 21:36:39,416032
2024-12-07 21:36:39,416033
2024-12-07 21:36:39,416036
2024-12-07 21:36:39,416039
2024-12-07 21:36:40,416040
2024-12-07 21:36:40,416042
2024-12-07 21:36:40,416043
2024-12-07 21:36:40,416045
2024-12-07 21:36:40,416046
2024-12-07 21:36:40,416047
2024-12-07 21:36:41,416049
2024-12-07 21:36:41,416051
2024-12-07 21:36:41,416054
2024-12-07 21:36:41,416056
2024-12-07 21:36:42,416058
2024-12-07 21:36:42,416058
2024-12-07 21:36:42,416058
2024-12-07 21:36:42,416060
2024-12-07 21:36:42,416061
2024-12-07 21:36:42,416062
2024-12-07 21:36:43,416063
2024-12-07 21:36:43,416065
2024-12-07 21:36:43,416066
2024-12-07 21:36:43,416070
2024-12-07 21:36:44,416074
2024-12-07 21:36:44,416079
2024-12-07 21:36:44,416082
2024-12-07 21:36:45,416087
2024-12-07 21:36:45,416089
2024-12-07 21:36:45,416091
2024-12-07 21:36:46,416098
2024-12-07 21:36:46,416104
2024-12-07 21:36:46,416104
2024-12-07 21:36:46,416105
2024-12-07 21:36:46,416107
2024-12-07 21:36:47,416108
2024-12-07 21:36:47,416108
2024-12-07 21:36:47,416109
2024-12-07 21:36:47,416111
2024-12-07 21:36:47,416112
2024-12-07 21:36:47,416114
2024-12-07 21:36:48,416115
2024-12-07 21:36:48,416118
2024-12-07 21:36:48,416123
2024-12-07 21:36:49,416128
2024-12-07 21:36:49,416131
2024-12-07 21:36:49,416134
2024-12-07 21:36:50,416139
2024-12-07 21:36:50,416144
2024-12-07 21:36:50,416148
2024-12-07 21:36:51,416152
2024-12-07 21:36:51,416161
2024-12-07 21:36:52,416166
2024-12-07 21:36:52,416171
2024-12-07 21:36:53,416177
2024-12-07 21:36:53,416182
2024-12-07 21:36:54,416189
2024-12-07 21:36:54,416196
2024-12-07 21:36:55,416202
2024-12-07 21:36:56,416206
2024-12-07 21:36:56,416210
2024-12-07 21:36:56,416215
2024-12-07 21:36:57,416216
2024-12-07 21:36:57,416227
2024-12-07 21:36:57,416237
2024-12-07 21:36:58,416243
2024-12-07 21:36:58,416249
2024-12-07 21:36:59,416252
2024-12-07 21:36:59,416253
2024-12-07 21:37:00,416256
2024-12-07 21:37:00,416262
2024-12-07 21:37:00,416264
2024-12-07 21:37:00,416265
2024-12-07 21:37:00,416267
2024-12-07 21:37:01,416267
2024-12-07 21:37:01,416269
2024-12-07 21:37:01,416273
2024-12-07 21:37:01,416273
2024-12-07 21:37:01,416275
2024-12-07 21:37:02,416276
2024-12-07 21:37:02,416278
2024-12-07 21:37:02,416283
2024-12-07 21:37:03,416286
2024-12-07 21:37:03,416294
2024-12-07 21:37:04,416300
2024-12-07 21:37:04,416308
2024-12-07 21:37:05,416315
2024-12-07 21:37:05,416322
2024-12-07 21:37:06,416326
2024-12-07 21:37:06,416334
2024-12-07 21:37:07,416340
2024-12-07 21:37:07,416349
2024-12-07 21:37:08,416359
2024-12-07 21:37:09,416362
2024-12-07 21:37:09,416364
2024-12-07 21:37:09,416370
2024-12-07 21:37:10,416379
2024-12-07 21:37:11,416388
2024-12-07 21:37:11,416392
2024-12-07 21:37:11,416398
2024-12-07 21:37:12,416404
2024-12-07 21:37:12,416409
2024-12-07 21:37:13,416411
2024-12-07 21:37:13,416418
2024-12-07 21:37:14,416422
2024-12-07 21:37:14,416424
2024-12-07 21:37:14,416430
2024-12-07 21:37:15,416434
2024-12-07 21:37:15,416436
2024-12-07 21:37:16,416437
2024-12-07 21:37:16,416441
2024-12-07 21:37:17,416449
2024-12-07 21:37:17,416452
2024-12-07 21:37:17,416459
2024-12-07 21:37:18,416465
2024-12-07 21:37:18,416469
2024-12-07 21:37:19,416472
2024-12-07 21:37:19,416477
2024-12-07 21:37:20,416485
2024-12-07 21:37:20,416489
2024-12-07 21:37:20,416495
2024-12-07 21:37:21,416507
2024-12-07 21:37:21,416514
2024-12-07 21:37:21,416516
2024-12-07 21:37:22,416523
2024-12-07 21:37:22,416525
2024-12-07 21:37:22,416529
2024-12-07 21:37:23,416534
2024-12-07 21:37:23,416534
2024-12-07 21:37:23,416535
2024-12-07 21:37:23,416537
2024-12-07 21:37:23,416541
2024-12-07 21:37:24,416543
2024-12-07 21:37:24,416544
2024-12-07 21:37:24,416549
2024-12-07 21:37:25,416550
2024-12-07 21:37:25,416551
2024-12-07 21:37:25,416553
2024-12-07 21:37:25,416557
2024-12-07 21:37:25,416560
2024-12-07 21:37:26,416563
2024-12-07 21:37:26,416568
2024-12-07 21:37:26,416586
2024-12-07 21:37:28,416590
2024-12-07 21:37:28,416596
2024-12-07 21:37:29,416602
2024-12-07 21:37:29,416605
2024-12-07 21:37:29,416608
2024-12-07 21:37:30,416609
2024-12-07 21:37:30,416615
2024-12-07 21:37:30,416618
2024-12-07 21:37:31,416621
2024-12-07 21:37:31,416625
2024-12-07 21:37:32,416631
2024-12-07 21:37:32,416634
2024-12-07 21:37:32,416645
2024-12-07 21:37:33,416652
2024-12-07 21:37:34,416659
2024-12-07 21:37:34,416668
2024-12-07 21:37:35,416676
2024-12-07 21:37:35,416679
2024-12-07 21:37:36,416686
2024-12-07 21:37:36,416695
2024-12-07 21:37:37,416704
2024-12-07 21:37:38,416708
2024-12-07 21:37:38,416713
2024-12-07 21:37:38,416714
2024-12-07 21:37:39,416718
2024-12-07 21:37:40,416727
2024-12-07 21:37:40,416728
2024-12-07 21:37:41,416737
2024-12-07 21:37:41,416746
2024-12-07 21:37:42,416758
2024-12-07 21:37:42,416760
2024-12-07 21:37:43,416764
2024-12-07 21:37:44,416771
2024-12-07 21:37:44,416777
2024-12-07 21:37:45,416786
2024-12-07 21:37:45,416792
2024-12-07 21:37:46,416798
2024-12-07 21:37:47,416803
2024-12-07 21:37:47,416809
2024-12-07 21:37:48,416813
2024-12-07 21:37:48,416818
2024-12-07 21:37:48,416821
2024-12-07 21:37:49,416824
2024-12-07 21:37:49,416825
2024-12-07 21:37:49,416831
2024-12-07 21:37:50,416837
2024-12-07 21:37:50,416848
2024-12-07 21:37:51,416858
2024-12-07 21:37:51,416862
2024-12-07 21:37:52,416865
2024-12-07 21:37:52,416872
2024-12-07 21:37:53,416876
2024-12-07 21:37:53,416880
2024-12-07 21:37:54,416906
2024-12-07 21:37:56,416909
2024-12-07 21:37:56,416913
2024-12-07 21:37:57,416916
2024-12-07 21:37:57,416919
2024-12-07 21:37:57,416921
2024-12-07 21:37:58,416923
2024-12-07 21:37:58,416928
2024-12-07 21:37:58,416933
2024-12-07 21:37:59,416934
2024-12-07 21:37:59,416938
2024-12-07 21:37:59,416945
2024-12-07 21:38:00,416952
2024-12-07 21:38:01,416957
2024-12-07 21:38:02,416969
2024-12-07 21:38:03,416990
2024-12-07 21:38:04,416997
2024-12-07 21:38:05,417008
2024-12-07 21:38:05,417019
2024-12-07 21:38:06,417027
2024-12-07 21:38:07,417034
2024-12-07 21:38:08,417044
2024-12-07 21:38:09,417058
2024-12-07 21:38:10,417078
2024-12-07 21:38:11,417088
2024-12-07 21:38:13,417100
2024-12-07 21:38:14,417106
2024-12-07 21:38:15,417123
2024-12-07 21:38:16,417133
2024-12-07 21:38:17,417144
2024-12-07 21:38:18,417151
2024-12-07 21:38:19,417161
2024-12-07 21:38:20,417177
2024-12-07 21:38:21,417192
2024-12-07 21:38:23,417202
2024-12-07 21:38:24,417215
2024-12-07 21:38:25,417227
2024-12-07 21:38:26,417244
2024-12-07 21:38:28,417256
2024-12-07 21:38:29,417269
2024-12-07 21:38:30,417283
2024-12-07 21:38:32,417294
2024-12-07 21:38:32,417298
2024-12-07 21:38:34,417310
2024-12-07 21:38:35,417323
2024-12-07 21:38:36,417335
2024-12-07 21:38:37,417344
2024-12-07 21:38:38,417350
2024-12-07 21:38:39,417362
2024-12-07 21:38:39,417371
2024-12-07 21:38:40,417383
2024-12-07 21:38:41,417392
2024-12-07 21:38:42,417399
2024-12-07 21:38:43,417401
2024-12-07 21:38:43,417411
2024-12-07 21:38:44,417424
2024-12-07 21:38:45,417429
2024-12-07 21:38:45,417438
2024-12-07 21:38:46,417442
2024-12-07 21:38:46,417447
2024-12-07 21:38:47,417453
2024-12-07 21:38:48,417455
2024-12-07 21:38:48,417463
2024-12-07 21:38:49,417476
2024-12-07 21:38:50,417483
2024-12-07 21:38:51,417484
2024-12-07 21:38:52,417489
2024-12-07 21:38:52,417497
2024-12-07 21:38:52,417504
2024-12-07 21:38:53,417513
2024-12-07 21:38:54,417520
2024-12-07 21:38:54,417528
2024-12-07 21:38:55,417534
2024-12-07 21:38:55,417548
2024-12-07 21:38:56,417554
2024-12-07 21:38:57,417564
2024-12-07 21:38:57,417569
2024-12-07 21:38:58,417576
2024-12-07 21:38:59,417584
2024-12-07 21:38:59,417588
2024-12-07 21:39:00,417598
2024-12-07 21:39:01,417606
2024-12-07 21:39:01,417614
2024-12-07 21:39:02,417626
2024-12-07 21:39:03,417632
2024-12-07 21:39:04,417644
2024-12-07 21:39:05,417656
2024-12-07 21:39:06,417664
2024-12-07 21:39:08,417681
2024-12-07 21:39:09,417694
2024-12-07 21:39:10,417715
2024-12-07 21:39:11,417731
2024-12-07 21:39:12,417747
2024-12-07 21:39:13,417762
2024-12-07 21:39:15,417782
2024-12-07 21:39:16,417793
2024-12-07 21:39:17,417809
2024-12-07 21:39:18,417822
2024-12-07 21:39:20,417839
2024-12-07 21:39:21,417856
2024-12-07 21:39:23,417873
2024-12-07 21:39:24,417895
2024-12-07 21:39:25,417911
2024-12-07 21:39:27,417922
2024-12-07 21:39:29,417942
2024-12-07 21:39:30,417955
2024-12-07 21:39:31,417968
2024-12-07 21:39:32,417984
2024-12-07 21:39:33,417989
2024-12-07 21:39:34,418027
2024-12-07 21:39:36,418047
2024-12-07 21:39:37,418060
2024-12-07 21:39:39,418073
2024-12-07 21:39:40,418082
2024-12-07 21:39:41,418094
2024-12-07 21:39:42,418110
2024-12-07 21:39:43,418122
2024-12-07 21:39:45,418141
2024-12-07 21:39:46,418151
2024-12-07 21:39:47,418162
2024-12-07 21:39:48,418172
2024-12-07 21:39:49,418177
2024-12-07 21:39:50,418193
2024-12-07 21:39:51,418208
2024-12-07 21:39:53,418217
2024-12-07 21:39:54,418225
2024-12-07 21:39:54,418238
2024-12-07 21:39:56,418247
2024-12-07 21:39:56,418257
2024-12-07 21:39:58,418268
2024-12-07 21:39:58,418275
2024-12-07 21:39:59,418282
2024-12-07 21:40:00,418294
2024-12-07 21:40:01,418320
2024-12-07 21:40:03,418344
2024-12-07 21:40:05,418365
2024-12-07 21:40:06,418381
2024-12-07 21:40:09,418412
2024-12-07 21:40:11,418440
2024-12-07 21:40:14,418466
2024-12-07 21:40:16,418498
2024-12-07 21:40:19,418534
2024-12-07 21:40:22,418572
2024-12-07 21:40:25,418591
2024-12-07 21:40:27,418636
2024-12-07 21:40:31,418663
2024-12-07 21:40:34,418701
2024-12-07 21:40:39,418742
2024-12-07 21:40:43,418795
2024-12-07 21:40:48,418847
2024-12-07 21:40:54,418905
2024-12-07 21:40:58,418968
2024-12-07 21:41:05,419027
2024-12-07 21:41:10,419093
2024-12-07 21:41:15,419178
2024-12-07 21:41:22,419252
2024-12-07 21:41:28,419333
2024-12-07 21:41:33,419397
2024-12-07 21:41:39,419488
2024-12-07 21:41:46,419546
2024-12-07 21:41:51,419611
2024-12-07 21:41:58,419692
2024-12-07 21:42:05,419772
2024-12-07 21:42:12,419840
2024-12-07 21:42:18,419916
2024-12-07 21:42:25,419997
2024-12-07 21:42:32,420073
2024-12-07 21:42:40,420180
2024-12-07 21:42:49,420269
2024-12-07 21:42:56,420356
2024-12-07 21:43:04,420450
2024-12-07 21:43:12,420560
2024-12-07 21:43:20,420682
2024-12-07 21:43:29,420773
2024-12-07 21:43:38,420887
2024-12-07 21:43:48,421007
2024-12-07 21:43:58,421138
2024-12-07 21:44:07,421274
2024-12-07 21:44:17,421360
2024-12-07 21:44:26,421462
2024-12-07 21:44:35,421581
2024-12-07 21:44:46,421691
2024-12-07 21:44:56,421812
2024-12-07 21:45:09,421948
2024-12-07 21:45:22,422124
2024-12-07 21:45:35,422319
2024-12-07 21:45:50,422533
2024-12-07 21:46:04,422768
2024-12-07 21:46:20,423024
2024-12-07 21:46:38,423310
2024-12-07 21:46:56,423575
2024-12-07 21:47:12,423840
2024-12-07 21:47:30,424111
2024-12-07 21:47:47,424365
2024-12-07 21:48:05,424618
2024-12-07 21:48:21,424902
2024-12-07 21:48:42,425123
2024-12-07 21:49:01,425468
2024-12-07 21:49:25,425762
2024-12-07 21:49:50,426051
2024-12-07 21:50:12,426341
2024-12-07 21:50:34,426664
2024-12-07 21:50:57,426972
2024-12-07 21:51:20,427246
2024-12-07 21:51:42,427550
2024-12-07 21:52:04,427829
2024-12-07 21:52:26,428113
2024-12-07 21:52:46,428371
2024-12-07 21:53:04,428631
2024-12-07 21:53:22,428879
2024-12-07 21:53:40,429065
2024-12-07 21:53:54,429273
2024-12-07 21:54:11,429500
2024-12-07 21:54:30,429744
2024-12-07 21:54:49,429936
2024-12-07 21:55:03,430110
2024-12-07 21:55:19,430320
2024-12-07 21:55:34,430495
2024-12-07 21:55:48,430677
2024-12-07 21:56:03,430876
2024-12-07 21:56:18,431048
2024-12-07 21:56:33,431228
2024-12-07 21:56:47,431401
2024-12-07 21:57:01,431571
2024-12-07 21:57:15,431742
2024-12-07 21:57:29,431930
2024-12-07 21:57:43,432085
2024-12-07 21:57:57,432255
2024-12-07 21:58:10,432433
2024-12-07 21:58:24,432628
2024-12-07 21:58:38,432833
2024-12-07 21:58:51,433007
2024-12-07 21:59:05,433169
2024-12-07 21:59:19,433333
2024-12-07 21:59:32,433486
2024-12-07 21:59:46,433656
2024-12-07 21:59:59,433831
2024-12-07 22:00:14,433986
2024-12-07 22:00:27,434160
2024-12-07 22:00:41,434320
2024-12-07 22:00:55,434490
2024-12-07 22:01:09,434645
2024-12-07 22:01:22,434789
2024-12-07 22:01:37,434964
2024-12-07 22:01:51,435127
2024-12-07 22:02:05,435271
2024-12-07 22:02:20,435426
2024-12-07 22:02:34,435607
2024-12-07 22:02:47,435767
2024-12-07 22:03:01,435935
2024-12-07 22:03:15,436169
2024-12-07 22:03:33,436330
2024-12-07 22:03:47,436469
2024-12-07 22:04:00,436615
2024-12-07 22:04:15,436776
2024-12-07 22:04:28,436936
2024-12-07 22:04:41,437090
2024-12-07 22:04:54,437250
2024-12-07 22:05:08,437405
2024-12-07 22:05:22,437569
2024-12-07 22:05:35,437718
2024-12-07 22:05:48,437877
2024-12-07 22:06:01,438036
2024-12-07 22:06:14,438192
2024-12-07 22:06:28,438354
2024-12-07 22:06:41,438530
2024-12-07 22:06:54,438702
2024-12-07 22:07:08,438857
2024-12-07 22:07:22,439036
2024-12-07 22:07:37,439214
2024-12-07 22:07:52,439419
2024-12-07 22:08:06,439636
2024-12-07 22:08:22,439848
2024-12-07 22:08:38,440029
2024-12-07 22:08:53,440260
2024-12-07 22:09:08,440486
2024-12-07 22:09:24,440690
2024-12-07 22:09:40,440921
2024-12-07 22:09:56,441125
2024-12-07 22:10:12,441336
2024-12-07 22:10:28,441521
2024-12-07 22:10:44,441748
2024-12-07 22:11:01,441996
2024-12-07 22:11:19,442216
2024-12-07 22:11:38,442483
2024-12-07 22:11:59,442757
2024-12-07 22:12:22,443138
2024-12-07 22:12:49,443484
2024-12-07 22:13:16,443850
2024-12-07 22:13:45,444335
2024-12-07 22:14:18,444746
2024-12-07 22:14:52,445267
2024-12-07 22:15:30,445737
2024-12-07 22:16:04,446150
2024-12-07 22:16:46,446661
2024-12-07 22:17:23,447121
2024-12-07 22:17:58,447548
2024-12-07 22:18:33,447945
2024-12-07 22:19:09,448341
2024-12-07 22:19:43,448741
2024-12-07 22:20:17,449164
2024-12-07 22:20:51,449527
2024-12-07 22:21:22,449882
2024-12-07 22:21:51,450261
2024-12-07 22:22:23,450655
2024-12-07 22:22:53,450990
2024-12-07 22:23:20,451353
2024-12-07 22:23:49,451702
2024-12-07 22:24:18,452032
2024-12-07 22:24:44,452341
2024-12-07 22:25:10,452689
2024-12-07 22:25:38,453003
2024-12-07 22:26:05,453347
2024-12-07 22:26:32,453651
2024-12-07 22:26:56,453954
2024-12-07 22:27:19,454253
2024-12-07 22:27:42,454549
2024-12-07 22:28:06,454866
2024-12-07 22:28:30,455196
2024-12-07 22:28:54,455513
2024-12-07 22:29:17,455853
2024-12-07 22:29:41,456258
2024-12-07 22:30:07,456684
2024-12-07 22:30:37,457073
2024-12-07 22:31:09,457311
2024-12-07 22:31:42,457451
2024-12-07 22:32:11,457547
